{
    "20190823_cam_0": {
        "transform_matrix": [
            [
                -0.9945391577805498,
                0.09934431094368057,
                0.031977672277386404,
                -94.87270659964835
            ],
            [
                0.0026841687395366826,
                0.330652089861843,
                -0.9437489023613078,
                714.6779139582969
            ],
            [
                -0.10432956857637393,
                -0.9385094050424433,
                -0.32911310786346193,
                3757.291521052137
            ],
            [
                0.0,
                0.0,
                0.0,
                1.0
            ]
        ]
    },
    "20190823_cam_1": {
        "transform_matrix": [
            [
                -0.9118504965347908,
                -0.38772204509036745,
                0.1349084419901089,
                549.4786666315331
            ],
            [
                -0.27669785553874116,
                0.33770280875613734,
                -0.8996638870703202,
                595.5538636926328
            ],
            [
                0.3032605624038798,
                -0.8576878387322271,
                -0.415216332267077,
                3726.7826198822336
            ],
            [
                0.0,
                0.0,
                0.0,
                1.0
            ]
        ]
    },
    "20190823_cam_2": {
        "transform_matrix": [
            [
                -0.9074285717929294,
                -0.41674569730909106,
                -0.05381831350204075,
                312.98386508512726
            ],
            [
                -0.11866502757347039,
                0.3770076260985863,
                -0.9185770850040277,
                621.8930442012546
            ],
            [
                0.40310296243618954,
                -0.8271567406712398,
                -0.3915606313679908,
                3735.2750347390784
            ],
            [
                0.0,
                0.0,
                0.0,
                1.0
            ]
        ]
    },
    "20190823_cam_3": {
        "transform_matrix": [
            [
                -0.7682179815130996,
                -0.6391777795875366,
                -0.03595690422555181,
                433.1539226510112
            ],
            [
                -0.2649132796422356,
                0.36852249844633855,
                -0.89107357856019,
                400.91967994072144
            ],
            [
                0.5828053595748186,
                -0.6750132844769909,
                -0.45243229176358685,
                3710.729802631021
            ],
            [
                0.0,
                0.0,
                0.0,
                1.0
            ]
        ]
    },
    "20190823_cam_4": {
        "transform_matrix": [
            [
                -0.5468205618306696,
                -0.8372491352924213,
                -0.0010763880729647846,
                212.42317114235343
            ],
            [
                -0.3007477377756943,
                0.19762256435340175,
                -0.933003815791333,
                779.0620067744754
            ],
            [
                0.7813693565670419,
                -0.5098619494632624,
                -0.3598648650639967,
                3618.9828988139393
            ],
            [
                0.0,
                0.0,
                0.0,
                1.0
            ]
        ]
    },
    "20190823_cam_5": {
        "transform_matrix": [
            [
                -0.3447442687020227,
                -0.9378838033010556,
                -0.039055866430721176,
                212.70354264019187
            ],
            [
                -0.3185034032419275,
                0.15601002908639594,
                -0.9349954293726639,
                720.1226400748553
            ],
            [
                0.8830101762269886,
                -0.3098948891640659,
                -0.35250274658443953,
                3532.325241674798
            ],
            [
                0.0,
                0.0,
                0.0,
                1.0
            ]
        ]
    },
    "20190823_cam_6": {
        "transform_matrix": [
            [
                0.03921691853719167,
                -0.9933801857192984,
                0.10797147734813739,
                94.5082822734998
            ],
            [
                -0.3382984555204255,
                -0.11487295679374021,
                -0.93400126273467,
                930.180539709189
            ],
            [
                0.9402213506897946,
                0.00010206740716633966,
                -0.34056394596213857,
                3460.7190716039086
            ],
            [
                0.0,
                0.0,
                0.0,
                1.0
            ]
        ]
    },
    "20190823_cam_7": {
        "transform_matrix": [
            [
                0.2991904758031595,
                -0.9503758470573662,
                0.08526903610732878,
                232.31585247667064
            ],
            [
                -0.333456994106148,
                -0.18786630158879009,
                -0.9238575029781608,
                860.9587654134475
            ],
            [
                0.8940310354066976,
                0.24797580941967606,
                -0.3731172813905634,
                3444.3164396575153
            ],
            [
                0.0,
                0.0,
                0.0,
                1.0
            ]
        ]
    },
    "20190823_cam_8": {
        "transform_matrix": [
            [
                0.45939908138870134,
                -0.8880146594995459,
                -0.01955629139492171,
                252.03617347907306
            ],
            [
                -0.34888301206833927,
                -0.1601534794966462,
                -0.9233804778612338,
                792.4299993682195
            ],
            [
                0.8168433925235243,
                0.4310230011484571,
                -0.38338759052900556,
                3426.402825980434
            ],
            [
                0.0,
                0.0,
                0.0,
                1.0
            ]
        ]
    },
    "20190823_cam_9": {
        "transform_matrix": [
            [
                0.5905624368782489,
                -0.7978286131316986,
                -0.12126628639805237,
                184.38722427307653
            ],
            [
                -0.3644336251332322,
                -0.1295928970938019,
                -0.9221679965684593,
                789.9859723289861
            ],
            [
                0.7200167644025206,
                0.5887912916230891,
                -0.3672882708284318,
                3419.286179390697
            ],
            [
                0.0,
                0.0,
                0.0,
                1.0
            ]
        ]
    },